"URL"	"TITLE"	"meta DESCRIPTION"	"meta ROBOTS"	"CANONICAL URL"
"https://venturesnodes.com/"	"VenturesNodes | Expert Startup Consultation"	"VenturesNodes provides expert consultation for startups, guiding MSMEs through government schemes, incubation centers, and securing vital seed funding across India."	"index, follow"	"https://venturesnodes.com/"
"https://venturesnodes.com/about"	"VenturesNodes | Expert Startup Consultation & Government Schemes | VenturesNodes"	"VenturesNodes provides expert consultation for startups, guiding MSMEs through government schemes, incubation centers, and securing vital seed funding across India."	"index, follow"	"https://venturesnodes.com/about/"
"https://venturesnodes.com/services"	"VenturesNodes | Expert Startup Consultation & Government Schemes | VenturesNodes"	"VenturesNodes provides expert consultation for startups, guiding MSMEs through government schemes, incubation centers, and securing vital seed funding across India."	"index, follow"	"https://venturesnodes.com/services/"
"https://venturesnodes.com/eligibility"	"VenturesNodes | Expert Startup Consultation & Government Schemes | VenturesNodes"	"VenturesNodes provides expert consultation for startups, guiding MSMEs through government schemes, incubation centers, and securing vital seed funding across India."	"index, follow"	"https://venturesnodes.com/eligibility/"
"https://venturesnodes.com/blog"	"Startup & MSME Blog | VenturesNodes | VenturesNodes"	"Read the latest insights on startup grants in India, MSME registration, business compliance, and funding strategies from VenturesNodes."	"index, follow"	""
"https://venturesnodes.com/faq"	"VenturesNodes | Expert Startup Consultation & Government Schemes | VenturesNodes"	"VenturesNodes provides expert consultation for startups, guiding MSMEs through government schemes, incubation centers, and securing vital seed funding across India."	"index, follow"	"https://venturesnodes.com/faq/"
"https://venturesnodes.com/contact"	"VenturesNodes | Expert Startup Consultation & Government Schemes | VenturesNodes"	"VenturesNodes provides expert consultation for startups, guiding MSMEs through government schemes, incubation centers, and securing vital seed funding across India."	"index, follow"	"https://venturesnodes.com/contact/"
"https://venturesnodes.com/legal/privacy-policy"	"Privacy Policy | VenturesNodes | VenturesNodes"	"Privacy Policy for VenturesNodes startup consultancy."	"index, follow"	""
"https://venturesnodes.com/legal/terms-conditions"	"Terms & Conditions | VenturesNodes | VenturesNodes"	"Terms and Conditions for VenturesNodes startup consultancy."	"index, follow"	""
"https://venturesnodes.com/legal/refund-policy"	"Refund Policy | VenturesNodes | VenturesNodes"	"Refund Policy for VenturesNodes startup consultancy."	"index, follow"	""
"https://venturesnodes.com/blog/secure-startup-india-seed-fund"	"VenturesNodes | Startup Consultancy & Government Grants Advisory"	"VenturesNodes is a premier Indian startup consultancy specializing in government grants, MSME registration near Jaipur, Startup India compliance, and seed funding advisory."	"noindex"	""
"https://venturesnodes.com/blog/msme-udyam-registration-rajasthan"	"VenturesNodes | Startup Consultancy & Government Grants Advisory"	"VenturesNodes is a premier Indian startup consultancy specializing in government grants, MSME registration near Jaipur, Startup India compliance, and seed funding advisory."	"noindex"	""
"https://venturesnodes.com/blog/pitch-deck-checklist-indian-startups"	"VenturesNodes | Startup Consultancy & Government Grants Advisory"	"VenturesNodes is a premier Indian startup consultancy specializing in government grants, MSME registration near Jaipur, Startup India compliance, and seed funding advisory."	"noindex"	""
"https://venturesnodes.com/team/kaushal"	"Kaushal - Expert Consultant | VenturesNodes | VenturesNodes"	"Meet Kaushal, a highly skilled consulting and advisory team member at VenturesNodes."	"index, follow"	"https://venturesnodes.com/team/kaushal/"
"https://venturesnodes.com/team/ravi"	"Ravi - Expert Consultant | VenturesNodes | VenturesNodes"	"Meet Ravi, a highly skilled consulting and advisory team member at VenturesNodes."	"index, follow"	"https://venturesnodes.com/team/ravi/"
"https://venturesnodes.com/team/vinod"	"Vinod - Expert Consultant | VenturesNodes | VenturesNodes"	"Meet Vinod, a highly skilled consulting and advisory team member at VenturesNodes."	"index, follow"	"https://venturesnodes.com/team/vinod/"
"https://venturesnodes.com/team/priya"	"Priya - Expert Consultant | VenturesNodes | VenturesNodes"	"Meet Priya, a highly skilled consulting and advisory team member at VenturesNodes."	"index, follow"	"https://venturesnodes.com/team/priya/"
"https://venturesnodes.com/services/startup-india"	"Startup India Registration Consultancy | VenturesNodes | VenturesNodes"	"Expert Startup India Registration consultation and services in India. Partner with VenturesNodes for seamless compliance, registration, and business execution."	"index, follow"	"https://venturesnodes.com/services/startup-india/"
"https://venturesnodes.com/services/dpiit-recognition"	"Dpiit Recognition Consultancy | VenturesNodes | VenturesNodes"	"Expert Dpiit Recognition consultation and services in India. Partner with VenturesNodes for seamless compliance, registration, and business execution."	"index, follow"	"https://venturesnodes.com/services/dpiit-recognition/"
"https://venturesnodes.com/services/dpiit-registration"	"Dpiit Registration Consultancy | VenturesNodes | VenturesNodes"	"Expert Dpiit Registration consultation and services in India. Partner with VenturesNodes for seamless compliance, registration, and business execution."	"index, follow"	"https://venturesnodes.com/services/dpiit-registration/"
"https://venturesnodes.com/services/seed-fund"	"Seed Fund Consultancy | VenturesNodes | VenturesNodes"	"Expert Seed Fund consultation and services in India. Partner with VenturesNodes for seamless compliance, registration, and business execution."	"index, follow"	"https://venturesnodes.com/services/seed-fund/"
"https://venturesnodes.com/services/rkvy-raftaar"	"Rkvy Raftaar Consultancy | VenturesNodes | VenturesNodes"	"Expert Rkvy Raftaar consultation and services in India. Partner with VenturesNodes for seamless compliance, registration, and business execution."	"index, follow"	"https://venturesnodes.com/services/rkvy-raftaar/"
"https://venturesnodes.com/services/pmegp-scheme"	"Pmegp Scheme Consultancy | VenturesNodes | VenturesNodes"	"Expert Pmegp Scheme consultation and services in India. Partner with VenturesNodes for seamless compliance, registration, and business execution."	"index, follow"	"https://venturesnodes.com/services/pmegp-scheme/"
"https://venturesnodes.com/services/samridh-scheme"	"Samridh Scheme Consultancy | VenturesNodes | VenturesNodes"	"Expert Samridh Scheme consultation and services in India. Partner with VenturesNodes for seamless compliance, registration, and business execution."	"index, follow"	"https://venturesnodes.com/services/samridh-scheme/"
"https://venturesnodes.com/services/pmmy-scheme"	"Pmmy Scheme Consultancy | VenturesNodes | VenturesNodes"	"Expert Pmmy Scheme consultation and services in India. Partner with VenturesNodes for seamless compliance, registration, and business execution."	"index, follow"	"https://venturesnodes.com/services/pmmy-scheme/"
"https://venturesnodes.com/services/cgtmse-scheme"	"Cgtmse Scheme Consultancy | VenturesNodes | VenturesNodes"	"Expert Cgtmse Scheme consultation and services in India. Partner with VenturesNodes for seamless compliance, registration, and business execution."	"index, follow"	"https://venturesnodes.com/services/cgtmse-scheme/"
"https://venturesnodes.com/services/textile-grants"	"Textile Grants Consultancy | VenturesNodes | VenturesNodes"	"Expert Textile Grants consultation and services in India. Partner with VenturesNodes for seamless compliance, registration, and business execution."	"index, follow"	"https://venturesnodes.com/services/textile-grants/"
"https://venturesnodes.com/services/government-grants"	"Government Grants Consultancy | VenturesNodes | VenturesNodes"	"Expert Government Grants consultation and services in India. Partner with VenturesNodes for seamless compliance, registration, and business execution."	"index, follow"	"https://venturesnodes.com/services/government-grants/"
"https://venturesnodes.com/services/incubation-support"	"Incubation Support Consultancy | VenturesNodes | VenturesNodes"	"Expert Incubation Support consultation and services in India. Partner with VenturesNodes for seamless compliance, registration, and business execution."	"index, follow"	"https://venturesnodes.com/services/incubation-support/"
"https://venturesnodes.com/services/manufacturing-funding"	"Manufacturing Funding Consultancy | VenturesNodes | VenturesNodes"	"Expert Manufacturing Funding consultation and services in India. Partner with VenturesNodes for seamless compliance, registration, and business execution."	"index, follow"	"https://venturesnodes.com/services/manufacturing-funding/"
"https://venturesnodes.com/services/udyam-registration"	"Udyam Registration Consultancy | VenturesNodes | VenturesNodes"	"Expert Udyam Registration consultation and services in India. Partner with VenturesNodes for seamless compliance, registration, and business execution."	"index, follow"	"https://venturesnodes.com/services/udyam-registration/"
"https://venturesnodes.com/services/register-private-limited"	"Register Private Limited Consultancy | VenturesNodes | VenturesNodes"	"Expert Register Private Limited consultation and services in India. Partner with VenturesNodes for seamless compliance, registration, and business execution."	"index, follow"	"https://venturesnodes.com/services/register-private-limited/"
"https://venturesnodes.com/services/company-incorporation"	"Company Incorporation Consultancy | VenturesNodes | VenturesNodes"	"Expert Company Incorporation consultation and services in India. Partner with VenturesNodes for seamless compliance, registration, and business execution."	"index, follow"	"https://venturesnodes.com/services/company-incorporation/"
"https://venturesnodes.com/services/start-one-person-company"	"Start One Person Company Consultancy | VenturesNodes | VenturesNodes"	"Expert Start One Person Company consultation and services in India. Partner with VenturesNodes for seamless compliance, registration, and business execution."	"index, follow"	"https://venturesnodes.com/services/start-one-person-company/"
"https://venturesnodes.com/services/register-llp"	"Register Llp Consultancy | VenturesNodes | VenturesNodes"	"Expert Register Llp consultation and services in India. Partner with VenturesNodes for seamless compliance, registration, and business execution."	"index, follow"	"https://venturesnodes.com/services/register-llp/"
"https://venturesnodes.com/services/register-partnership"	"Register Partnership Consultancy | VenturesNodes | VenturesNodes"	"Expert Register Partnership consultation and services in India. Partner with VenturesNodes for seamless compliance, registration, and business execution."	"index, follow"	"https://venturesnodes.com/services/register-partnership/"
"https://venturesnodes.com/services/section-8-company"	"Section 8 Company Consultancy | VenturesNodes | VenturesNodes"	"Expert Section 8 Company consultation and services in India. Partner with VenturesNodes for seamless compliance, registration, and business execution."	"index, follow"	"https://venturesnodes.com/services/section-8-company/"
"https://venturesnodes.com/services/gst-registered"	"GST Registration Consultancy | VenturesNodes | VenturesNodes"	"Expert GST Registration consultation and services in India. Partner with VenturesNodes for seamless compliance, registration, and business execution."	"index, follow"	"https://venturesnodes.com/services/gst-registered/"
"https://venturesnodes.com/services/iso-certification"	"ISO Certification Consultancy | VenturesNodes | VenturesNodes"	"Expert ISO Certification consultation and services in India. Partner with VenturesNodes for seamless compliance, registration, and business execution."	"index, follow"	"https://venturesnodes.com/services/iso-certification/"
"https://venturesnodes.com/services/12a-80g-registration"	"12a 80g Registration Consultancy | VenturesNodes | VenturesNodes"	"Expert 12a 80g Registration consultation and services in India. Partner with VenturesNodes for seamless compliance, registration, and business execution."	"index, follow"	"https://venturesnodes.com/services/12a-80g-registration/"
"https://venturesnodes.com/services/trademark-registration"	"Trademark Registration Consultancy | VenturesNodes | VenturesNodes"	"Expert Trademark Registration consultation and services in India. Partner with VenturesNodes for seamless compliance, registration, and business execution."	"index, follow"	"https://venturesnodes.com/services/trademark-registration/"
"https://venturesnodes.com/services/labour-id-registration"	"Labour Id Registration Consultancy | VenturesNodes | VenturesNodes"	"Expert Labour Id Registration consultation and services in India. Partner with VenturesNodes for seamless compliance, registration, and business execution."	"index, follow"	"https://venturesnodes.com/services/labour-id-registration/"
"https://venturesnodes.com/services/enhance-credibility-zed"	"Enhance Credibility Zed Consultancy | VenturesNodes | VenturesNodes"	"Expert Enhance Credibility Zed consultation and services in India. Partner with VenturesNodes for seamless compliance, registration, and business execution."	"index, follow"	"https://venturesnodes.com/services/enhance-credibility-zed/"
"https://venturesnodes.com/services/startup-funding-consultancy"	"Startup Funding Consultancy Consultancy | VenturesNodes | VenturesNodes"	"Expert Startup Funding Consultancy consultation and services in India. Partner with VenturesNodes for seamless compliance, registration, and business execution."	"index, follow"	"https://venturesnodes.com/services/startup-funding-consultancy/"
"https://venturesnodes.com/services/pitch-deck"	"Pitch Deck Consultancy | VenturesNodes | VenturesNodes"	"Expert Pitch Deck consultation and services in India. Partner with VenturesNodes for seamless compliance, registration, and business execution."	"index, follow"	"https://venturesnodes.com/services/pitch-deck/"
"https://venturesnodes.com/services/pitch-deck-creation"	"Pitch Deck Creation Consultancy | VenturesNodes | VenturesNodes"	"Expert Pitch Deck Creation consultation and services in India. Partner with VenturesNodes for seamless compliance, registration, and business execution."	"index, follow"	"https://venturesnodes.com/services/pitch-deck-creation/"
"https://venturesnodes.com/services/financial-modeling"	"Financial Modeling Consultancy | VenturesNodes | VenturesNodes"	"Expert Financial Modeling consultation and services in India. Partner with VenturesNodes for seamless compliance, registration, and business execution."	"index, follow"	"https://venturesnodes.com/services/financial-modeling/"
"https://venturesnodes.com/services/business-plan"	"Business Plan Consultancy | VenturesNodes | VenturesNodes"	"Expert Business Plan consultation and services in India. Partner with VenturesNodes for seamless compliance, registration, and business execution."	"index, follow"	"https://venturesnodes.com/services/business-plan/"
"https://venturesnodes.com/services/valuation"	"Valuation Consultancy | VenturesNodes | VenturesNodes"	"Expert Valuation consultation and services in India. Partner with VenturesNodes for seamless compliance, registration, and business execution."	"index, follow"	"https://venturesnodes.com/services/valuation/"
"https://venturesnodes.com/services/virtual-cfo"	"Virtual Cfo Consultancy | VenturesNodes | VenturesNodes"	"Expert Virtual Cfo consultation and services in India. Partner with VenturesNodes for seamless compliance, registration, and business execution."	"index, follow"	"https://venturesnodes.com/services/virtual-cfo/"
"https://venturesnodes.com/services/trading-business-boost"	"Trading Business Boost Consultancy | VenturesNodes | VenturesNodes"	"Expert Trading Business Boost consultation and services in India. Partner with VenturesNodes for seamless compliance, registration, and business execution."	"index, follow"	"https://venturesnodes.com/services/trading-business-boost/"
"https://venturesnodes.com/services/agri-preneur-cohort"	"Agri Preneur Cohort Consultancy | VenturesNodes | VenturesNodes"	"Expert Agri Preneur Cohort consultation and services in India. Partner with VenturesNodes for seamless compliance, registration, and business execution."	"index, follow"	"https://venturesnodes.com/services/agri-preneur-cohort/"
"https://venturesnodes.com/services/sales-training"	"Sales Training Consultancy | VenturesNodes | VenturesNodes"	"Expert Sales Training consultation and services in India. Partner with VenturesNodes for seamless compliance, registration, and business execution."	"index, follow"	"https://venturesnodes.com/services/sales-training/"
"https://venturesnodes.com/services/web-development"	"Web Development Consultancy | VenturesNodes | VenturesNodes"	"Expert Web Development consultation and services in India. Partner with VenturesNodes for seamless compliance, registration, and business execution."	"index, follow"	"https://venturesnodes.com/services/web-development/"
"https://venturesnodes.com/services/mobile-app-development"	"Mobile App Development Consultancy | VenturesNodes | VenturesNodes"	"Expert Mobile App Development consultation and services in India. Partner with VenturesNodes for seamless compliance, registration, and business execution."	"index, follow"	"https://venturesnodes.com/services/mobile-app-development/"
"https://venturesnodes.com/services/mvp-development"	"Mvp Development Consultancy | VenturesNodes | VenturesNodes"	"Expert Mvp Development consultation and services in India. Partner with VenturesNodes for seamless compliance, registration, and business execution."	"index, follow"	"https://venturesnodes.com/services/mvp-development/"
"https://venturesnodes.com/services/ui-ux-design"	"Ui Ux Design Consultancy | VenturesNodes | VenturesNodes"	"Expert Ui Ux Design consultation and services in India. Partner with VenturesNodes for seamless compliance, registration, and business execution."	"index, follow"	"https://venturesnodes.com/services/ui-ux-design/"
"https://venturesnodes.com/services/cloud-infrastructure"	"Cloud Infrastructure Consultancy | VenturesNodes | VenturesNodes"	"Expert Cloud Infrastructure consultation and services in India. Partner with VenturesNodes for seamless compliance, registration, and business execution."	"index, follow"	"https://venturesnodes.com/services/cloud-infrastructure/"
"https://venturesnodes.com/services/custom-ai-chatbots"	"Custom Ai Chatbots Consultancy | VenturesNodes | VenturesNodes"	"Expert Custom Ai Chatbots consultation and services in India. Partner with VenturesNodes for seamless compliance, registration, and business execution."	"index, follow"	"https://venturesnodes.com/services/custom-ai-chatbots/"
"https://venturesnodes.com/services/ai-workflow-automation"	"Ai Workflow Automation Consultancy | VenturesNodes | VenturesNodes"	"Expert Ai Workflow Automation consultation and services in India. Partner with VenturesNodes for seamless compliance, registration, and business execution."	"index, follow"	"https://venturesnodes.com/services/ai-workflow-automation/"
"https://venturesnodes.com/services/predictive-analytics"	"Predictive Analytics Consultancy | VenturesNodes | VenturesNodes"	"Expert Predictive Analytics consultation and services in India. Partner with VenturesNodes for seamless compliance, registration, and business execution."	"index, follow"	"https://venturesnodes.com/services/predictive-analytics/"
"https://venturesnodes.com/services/ai-readiness-audit"	"Ai Readiness Audit Consultancy | VenturesNodes | VenturesNodes"	"Expert Ai Readiness Audit consultation and services in India. Partner with VenturesNodes for seamless compliance, registration, and business execution."	"index, follow"	"https://venturesnodes.com/services/ai-readiness-audit/"
"https://venturesnodes.com/services/custom-ai-voice-agents"	"Custom Ai Voice Agents Consultancy | VenturesNodes | VenturesNodes"	"Expert Custom Ai Voice Agents consultation and services in India. Partner with VenturesNodes for seamless compliance, registration, and business execution."	"index, follow"	"https://venturesnodes.com/services/custom-ai-voice-agents/"
"https://venturesnodes.com/services/ai-powered-ads"	"Ai Powered Ads Consultancy | VenturesNodes | VenturesNodes"	"Expert Ai Powered Ads consultation and services in India. Partner with VenturesNodes for seamless compliance, registration, and business execution."	"index, follow"	"https://venturesnodes.com/services/ai-powered-ads/"
"https://venturesnodes.com/services/digital-marketing"	"Digital Marketing Consultancy | VenturesNodes | VenturesNodes"	"Expert Digital Marketing consultation and services in India. Partner with VenturesNodes for seamless compliance, registration, and business execution."	"index, follow"	"https://venturesnodes.com/services/digital-marketing/"
"https://venturesnodes.com/services/seo-services"	"Seo Services Consultancy | VenturesNodes | VenturesNodes"	"Expert Seo Services consultation and services in India. Partner with VenturesNodes for seamless compliance, registration, and business execution."	"index, follow"	"https://venturesnodes.com/services/seo-services/"
"https://venturesnodes.com/services/social-media"	"Social Media Consultancy | VenturesNodes | VenturesNodes"	"Expert Social Media consultation and services in India. Partner with VenturesNodes for seamless compliance, registration, and business execution."	"index, follow"	"https://venturesnodes.com/services/social-media/"
"https://venturesnodes.com/services/performance-marketing"	"Performance Marketing Consultancy | VenturesNodes | VenturesNodes"	"Expert Performance Marketing consultation and services in India. Partner with VenturesNodes for seamless compliance, registration, and business execution."	"index, follow"	"https://venturesnodes.com/services/performance-marketing/"
"https://venturesnodes.com/services/b2b-lead-generation"	"B2b Lead Generation Consultancy | VenturesNodes | VenturesNodes"	"Expert B2b Lead Generation consultation and services in India. Partner with VenturesNodes for seamless compliance, registration, and business execution."	"index, follow"	"https://venturesnodes.com/services/b2b-lead-generation/"
"https://venturesnodes.com/services/brand-identity"	"Brand Identity Consultancy | VenturesNodes | VenturesNodes"	"Expert Brand Identity consultation and services in India. Partner with VenturesNodes for seamless compliance, registration, and business execution."	"index, follow"	"https://venturesnodes.com/services/brand-identity/"
"https://venturesnodes.com/services/influencer-marketing"	"Influencer Marketing Consultancy | VenturesNodes | VenturesNodes"	"Expert Influencer Marketing consultation and services in India. Partner with VenturesNodes for seamless compliance, registration, and business execution."	"index, follow"	"https://venturesnodes.com/services/influencer-marketing/"
"https://venturesnodes.com/services/whatsapp-green-tick"	"Whatsapp Green Tick Consultancy | VenturesNodes | VenturesNodes"	"Expert Whatsapp Green Tick consultation and services in India. Partner with VenturesNodes for seamless compliance, registration, and business execution."	"index, follow"	"https://venturesnodes.com/services/whatsapp-green-tick/"